id,title,role_category,company,location,salary_min,salary_max,salary_mid,salary_is_predicted,working_arrangement,technologies,contract_type,contract_time,created,category,description,redirect_url,latitude,longitude,inclusion_reason
5883638987,Graduate Data Analyst,Data Analyst,Consula Group LTD,"Manchester, Greater Manchester",48000.0,52000.0,50000.0,0,Not specified,[],permanent,full_time,2026-09-14 14:45:33+00:00,Graduate Jobs,"We are recruiting on behalf of a growing organisation based in Manchester who are looking for a talented and analytically minded Graduate Data Analyst to join their team on a permanent basis. This is a genuine graduate role for someone who is passionate about data and wants to use it to drive real business decisions. You will be working within a data-focused team, turning complex datasets into clear, actionable insights that shape strategy across the organisation. The Organisation A well-establ…",https://www.adzuna.co.uk/jobs/land/ad/5883638987?se=Bvdhx0i78RG3jpCv9xpWmA&utm_medium=api&utm_source=3c00cbd8&v=96A930C8FE206F5B2FCAEB944C42122511B22FE3,,,entry-level technology title
5884163643,Graduate Data Analyst,Data Analyst,Consula Group LTD,"London, UK",48000.0,52000.0,50000.0,0,Not specified,[],permanent,full_time,2026-09-15 02:45:53+00:00,Graduate Jobs,"We are recruiting on behalf of a growing organisation based in London who are looking for a talented and analytically minded Graduate Data Analyst to join their team on a permanent basis. This is a genuine graduate role for someone who is passionate about data and wants to use it to drive real business decisions. You will be working within a data-focused team, turning complex datasets into clear, actionable insights that shape strategy across the organisation. The Organisation A well-establishe…",https://www.adzuna.co.uk/jobs/land/ad/5884163643?se=Bvdhx0i78RG3jpCv9xpWmA&utm_medium=api&utm_source=3c00cbd8&v=C5BD46231571C660493173366E07F72695C43955,,,entry-level technology title
5878485908,Graduate Software Developer,Software Developer,Employal,"Humberstone, Leicester",28000.0,32000.0,30000.0,0,Not specified,[],permanent,full_time,2026-09-10 14:31:30+00:00,Graduate Jobs,"Graduate Software Developer £28,000 - £32,000 Leicester Full-Time, Permanent Are you curious about how technology is transforming the world of finance? Excited to start your career in a fast-moving, innovative industry? We are looking for a Graduate Software Developer to join our clients’ growing team. This is a great opportunity for someone who is organised and eager to learn the ins and outs of FinTech. The role Develop and maintain scoped product features, while gradually taking ownership of…",https://www.adzuna.co.uk/jobs/land/ad/5878485908?se=euHDwEi78RGomOTbcVFFeg&utm_medium=api&utm_source=3c00cbd8&v=52BD4EA98DAD9A30DC8D7460B2B9E31F2621153F,52.646284,-1.080665,entry-level technology title
5861428756,Graduate Software Developer,Software Developer,Graduate Recruitment Bureau,UK,35000.0,35000.0,35000.0,0,Not specified,[],,,2026-08-29 21:54:01+00:00,Graduate Jobs,"Ready to turn your programming skills into software that makes a real difference? Join a growing technology team where you’ll build enterprise applications, learn functional programming, and develop your career through hands-on experience. The Company You’ll join a specialist software company based in London that creates technology for organisations working across public services and social care, such as the NHS, charities, and local authorities. Its products turn complex data into practical in…",https://www.adzuna.co.uk/jobs/details/5861428756?utm_medium=api&utm_source=3c00cbd8,,,entry-level technology title
5896693580,Graduate Software Developer,Software Developer,Employal,"Belgrave, Leicester",28000.0,32000.0,30000.0,0,Not specified,[],contract,full_time,2026-09-24 11:55:49+00:00,Graduate Jobs,"Salary: £28,000 - 32,000 per year Requirements: Degree in Computer Science, Software Engineering or a related subject, or equivalent practical experience Logical approach to problem-solving, with attention to detail and a willingness to investigate issues Good understanding of software development fundamentals, with an interest in testing, version control and writing code which can be maintained Excellent communicator with great teamwork skills Eager to learn, grow, and build a career in FinTec…",https://www.adzuna.co.uk/jobs/details/5896693580?utm_medium=api&utm_source=3c00cbd8,52.652462,-1.135026,entry-level technology title
5897336402,Graduate Software Developer,Software Developer,The Phoenix Partnership,"Leeds, West Yorkshire",60000.0,60000.0,60000.0,0,Not specified,[],,,2026-09-24 22:19:20+00:00,Graduate Jobs,"Do you want a £60,000 starting salary AND the opportunity to make a difference? Were looking for bright and geeky graduates to join our Software Developer team. No experience is required, and many of our successful applicants have never programmed before. If you think logically and enjoy problem solving, then you have the potential to become a great developer. A career at TPP will challenge you every day. In your first few weeks you will be solving real-world problems as you help to develop sof…",https://www.adzuna.co.uk/jobs/details/5897336402?utm_medium=api&utm_source=3c00cbd8,53.799599,-1.54912,entry-level technology title
5885146052,Graduate Software Developer,Software Developer,City Grad,"Leeds, West Yorkshire",40000.0,40000.0,40000.0,0,Not specified,[],,,2026-09-15 21:56:43+00:00,Graduate Jobs,"We are currently looking for upcoming and graduates to join a world leader in sports research and technology with a 12 year history of exceptional innovation. This company interpret vast amounts of data to provide world beating insight. Their dynamic market demands consistently push them and their systems beyond what was previously considered possible. The graduate programme starts in August 2027. The business operates across global markets, and their systems need to deliver real-time decision …",https://www.adzuna.co.uk/jobs/details/5885146052?utm_medium=api&utm_source=3c00cbd8,53.799599,-1.54912,entry-level technology title
5876105440,Junior Data Analyst,Data Analyst,Nextech Group Limited,"Milton Keynes, Buckinghamshire",28000.0,28000.0,28000.0,0,Not specified,"['SQL', 'Excel']",,,2026-09-08 21:54:48+00:00,IT Jobs,"About the Role: Our client, a growing business based in Milton Keynes, is looking for a Junior Data Analyst to join their data team. You'll support the collection, cleaning and analysis of data to help inform business decisions, working closely with senior analysts and stakeholders across the business to deliver clear, actionable insights. This is a great opportunity for someone early in their data career, ideally with some exposure to SQL, Excel or a BI tool, who's looking to build hands-on ex…",https://www.adzuna.co.uk/jobs/details/5876105440?utm_medium=api&utm_source=3c00cbd8,52.042198,-0.7047,entry-level technology title
5886974014,Graduate Data Analyst,Data Analyst,Consula Group LTD,"Shropshire, West Midlands",32500.0,35500.0,34000.0,0,Not specified,[],permanent,full_time,2026-09-17 02:21:10+00:00,Graduate Jobs,"We are recruiting on behalf of a growing organisation based in sheopshire who are looking for a talented and analytically minded Graduate Data Analyst to join their team on a permanent basis. This is a genuine graduate role for someone who is passionate about data and wants to use it to drive real business decisions. You will be working within a data-focused team, turning complex datasets into clear, actionable insights that shape strategy across the organisation. The Organisation A well-establ…",https://www.adzuna.co.uk/jobs/land/ad/5886974014?se=Bvdhx0i78RG3jpCv9xpWmA&utm_medium=api&utm_source=3c00cbd8&v=81803EB0772B72CA1915079474791BE9B32F7BF8,52.685086,-2.738525,entry-level technology title
5883638890,Graduate Data Analyst,Data Analyst,Consula Group LTD,"Newcastle Upon Tyne, Tyne & Wear",48000.0,52000.0,50000.0,0,Not specified,[],permanent,full_time,2026-09-14 14:45:32+00:00,Graduate Jobs,"We are recruiting on behalf of a growing organisation based in Newcastle who are looking for a talented and analytically minded Graduate Data Analyst to join their team on a permanent basis. This is a genuine graduate role for someone who is passionate about data and wants to use it to drive real business decisions. You will be working within a data-focused team, turning complex datasets into clear, actionable insights that shape strategy across the organisation. The Organisation A well-establi…",https://www.adzuna.co.uk/jobs/land/ad/5883638890?se=Bvdhx0i78RG3jpCv9xpWmA&utm_medium=api&utm_source=3c00cbd8&v=C3C3BA6058DABC08FFCAC5A1F3EE7CA064A97EBE,,,entry-level technology title
5883638868,Graduate Data Analyst,Data Analyst,Consula Group LTD,"Birmingham, West Midlands",48000.0,52000.0,50000.0,0,Not specified,[],permanent,full_time,2026-09-14 14:45:32+00:00,Graduate Jobs,"We are recruiting on behalf of a growing organisation based in Birmingham who are looking for a talented and analytically minded Graduate Data Analyst to join their team on a permanent basis. This is a genuine graduate role for someone who is passionate about data and wants to use it to drive real business decisions. You will be working within a data-focused team, turning complex datasets into clear, actionable insights that shape strategy across the organisation. The Organisation A well-establ…",https://www.adzuna.co.uk/jobs/land/ad/5883638868?se=Bvdhx0i78RG3jpCv9xpWmA&utm_medium=api&utm_source=3c00cbd8&v=70FF0315507CB9FA343E7F9EEC14DB1C5F8EBE15,52.483002,-1.89359,entry-level technology title
5883638821,Graduate Data Analyst,Data Analyst,Consula Group LTD,"Glasgow City Centre, Glasgow",45000.0,45000.0,45000.0,0,Not specified,[],permanent,full_time,2026-09-14 14:45:31+00:00,Graduate Jobs,"We are recruiting on behalf of a growing organisation based in Glasgow who are looking for a talented and analytically minded Graduate Data Analyst to join their team on a permanent basis. This is a genuine graduate role for someone who is passionate about data and wants to use it to drive real business decisions. You will be working within a data-focused team, turning complex datasets into clear, actionable insights that shape strategy across the organisation. The Organisation A well-establish…",https://www.adzuna.co.uk/jobs/land/ad/5883638821?se=Bvdhx0i78RG3jpCv9xpWmA&utm_medium=api&utm_source=3c00cbd8&v=9E9D521D2FDEA73CED19A7B7446D7C271203F79B,,,entry-level technology title
5864677406,2027 Technology Graduate Programme - Macquarie Group,Technology Graduate,Macquarie Group,"London, UK",40410.5,40410.5,40410.5,1,Not specified,[],,full_time,2026-09-01 15:26:16+00:00,Graduate Jobs,"Join Technology within Macquarie's Corporate Operations Group (COG), which brings together technology, data, AI, digital platforms, operations and specialist support teams that help Macquarie work efficiently, securely and at scale. As a graduate, you'll help design, build and improve the systems, platforms and tools that support our people, clients and businesses globally. We are a global financial services group operating in 30 markets with 57 years of unbroken profitability. At Macquarie, yo…",https://www.adzuna.co.uk/jobs/details/5864677406?utm_medium=api&utm_source=3c00cbd8,51.503378,-0.139134,entry-level technology title
5879925643,2027 Technology Developer Graduate Programme Knutsford,Software Developer,Barclays,UK,23156.54,23156.54,23156.54,1,Not specified,[],,full_time,2026-09-11 16:59:47+00:00,Graduate Jobs,"Job Description Purpose of the role To design, develop and improve software, utilising various engineering methodologies, that provides business, platform, and technology capabilities for our customers and colleagues. Accountabilities Development and delivery of high-quality software solutions by using industry aligned programming languages, frameworks, and tools. Ensuring that code is scalable, maintainable, and optimized for performance. Cross-functional collaboration with product managers, d…",https://www.adzuna.co.uk/jobs/land/ad/5879925643?se=ssQ5y0i78RGomOTbcVFFeg&utm_medium=api&utm_source=3c00cbd8&v=98938172021F292BAD06E0A6497703291AEE2F40,,,entry-level technology title
5879921080,2027 Technology Developer Graduate Programme Northampton,Software Developer,Barclays,UK,29111.84,29111.84,29111.84,1,Not specified,[],,full_time,2026-09-11 16:57:16+00:00,Graduate Jobs,"Job Description Purpose of the role To design, develop and improve software, utilising various engineering methodologies, that provides business, platform, and technology capabilities for our customers and colleagues. Accountabilities Development and delivery of high-quality software solutions by using industry aligned programming languages, frameworks, and tools. Ensuring that code is scalable, maintainable, and optimized for performance. Cross-functional collaboration with product managers, d…",https://www.adzuna.co.uk/jobs/land/ad/5879921080?se=ssQ5y0i78RGomOTbcVFFeg&utm_medium=api&utm_source=3c00cbd8&v=51AF20959C349B19D9E9DC826C27D19E6DA72E5A,,,entry-level technology title
5879940913,2027 Technology Developer Graduate Programme Glasgow,Software Developer,Barclays,"Glasgow, Scotland",28162.45,28162.45,28162.45,1,Not specified,[],,full_time,2026-09-11 17:09:13+00:00,Graduate Jobs,"Job Description Purpose of the role To design, develop and improve software, utilising various engineering methodologies, that provides business, platform, and technology capabilities for our customers and colleagues. Accountabilities Development and delivery of high-quality software solutions by using industry aligned programming languages, frameworks, and tools. Ensuring that code is scalable, maintainable, and optimized for performance. Cross-functional collaboration with product managers, d…",https://www.adzuna.co.uk/jobs/land/ad/5879940913?se=ssQ5y0i78RGomOTbcVFFeg&utm_medium=api&utm_source=3c00cbd8&v=74028F0666EE6C879B51B37E556F6E41EF22DF6E,55.86026,-4.25596,entry-level technology title
5885926467,Information & Digital Technology (IDT) - Shell Graduate Programme 2027 - United Kingdom,Technology Graduate,Shell,"London, UK",47507.89,47507.89,47507.89,1,Not specified,[],,full_time,2026-09-16 10:53:24+00:00,Graduate Jobs,", United Kingdom Worker Type: Regular Posting Start Date: September 15, 2026 Job Description: Powering Progress through technology starts with you. Be part of a global organization at the forefront of digital innovation, delivering solutions that create value, simplify operations, and help shape Shell's energy future. We are looking for individuals with a passion for digital innovation to join the Information & Digital Technology (IDT) organization as part of the Shell Graduate Programme. IDT i…",https://www.adzuna.co.uk/jobs/details/5885926467?utm_medium=api&utm_source=3c00cbd8,,,entry-level technology title
5885924935,Digital Data and Technology Graduate,Technology Graduate,Anglian Water Services,UK,33000.0,33000.0,33000.0,0,Not specified,[],permanent,full_time,2026-09-16 10:51:30+00:00,Graduate Jobs,"Salary: £33,000, Permanent role. Start date: September 2027 Location: Huntingdon or Peterborough based. Please note your placements and final role may vary across the region and departments, so flexibility is essential. Help shape the future of water, the environment and the communities we serve With a plan worth over £11 billion of investment, we're building for better — for you, for the communities we serve, for our environment. As part of this we are looking for you to join Anglian Water's D…",https://www.adzuna.co.uk/jobs/details/5885924935?utm_medium=api&utm_source=3c00cbd8,,,entry-level technology title
5889017399,Engineering Graduate Programme (Fullstack),Software Developer,London Stock Exchange Group,"London, UK",35247.1,35247.1,35247.1,1,Not specified,[],contract,full_time,2026-09-18 10:45:42+00:00,Graduate Jobs,"Engineering Graduate Programme (Fullstack) Programme start date: September 2027 Please review all the graduate programme opportunities and make one application Do you have a passion for technology? Do you want to make a difference, delivering software used by some of the biggest companies in the world? Do you love working with others in a dynamic agile environment? Our Engineering Graduate Programme provides the ideal springboard for an exciting and significant career in global financial market…",https://www.adzuna.co.uk/jobs/details/5889017399?utm_medium=api&utm_source=3c00cbd8,,,entry-level technology title
5889026239,Data Analyst,Data Analyst,HP,"Cambridge, Cambridgeshire",36902.87,36902.87,36902.87,1,Not specified,[],contract,full_time,2026-09-18 10:51:48+00:00,IT Jobs,"Data Analyst Description - We are seeking a motivated and detail-oriented Junior Data Analyst / Project Coordinator to support our Technical Consulting and R&D teams. This is an excellent opportunity for an early-career professional looking to develop skills in data analysis, customer insight, and cross-functional project support within a technology-driven environment. Initially, the role will focus on working closely with our Technical Consultants to collect, structure, and analyse data from c…",https://www.adzuna.co.uk/jobs/details/5889026239?utm_medium=api&utm_source=3c00cbd8,52.202499,0.131237,strong entry-level evidence in description
5878427784,Business & Data Analyst,Data Analyst,Creideas,"Glasgow, Scotland",25000.0,25000.0,25000.0,0,Hybrid,[],contract,full_time,2026-09-10 13:01:22+00:00,IT Jobs,"Business & Data Analyst - Graduate Opportunity Location: Glasgow Job Type: Full Time, 12-Month Fixed Term Salary : £25,000 Hybrid Are you a recent graduate who enjoys working with data, researching information and finding ways to turn it into something useful? Do you have a naturally curious mindset and an interest in how businesses identify opportunities, understand their customers and make better commercial decisions? This could be an excellent opportunity to start your career in a role that …",https://www.adzuna.co.uk/jobs/land/ad/5878427784?se=TFNuuUi78RGGQ9u1mQKVdw&utm_medium=api&utm_source=3c00cbd8&v=7ED216BC3AA65CE3C031AC20A399E996E336EE5C,55.86026,-4.25596,strong entry-level evidence in description
5868917250,Business Analyst,Business Analyst,Bridge Recruitment UK Ltd,"Balsall Heath, Birmingham",30000.0,35000.0,32500.0,0,Hybrid,['Excel'],,full_time,2026-09-03 14:09:41+00:00,"PR, Advertising & Marketing Jobs","Business Analyst - Product Marketing Hybrid Travel may be required once a month About the Role We are looking for a Business Analyst - Product Marketing to join a growing commercial team in Birmingham. This is an excellent opportunity for a recent graduate or experienced candidate with strong analytical and Excel skills who is looking to develop a career in product management, product marketing or commercial strategy. You will work closely with Product Managers, using data and market insight to…",https://www.adzuna.co.uk/jobs/land/ad/5868917250?se=2rq5w0i78RGomOTbcVFFeg&utm_medium=api&utm_source=3c00cbd8&v=C6C0D3A04C4AD21AD5048ADFBEF4D8D3FD30AE91,52.460083,-1.902086,strong entry-level evidence in description
5894094909,Technology Graduate Programme,Technology Graduate,ASDA,"Leeds, West Yorkshire",30383.16,30383.16,30383.16,1,Not specified,[],contract,full_time,2026-09-22 17:06:40+00:00,Graduate Jobs,"Job Title Technology Graduate Programme Location Asda House Employment Type Full time Contract Type Permanent Graduate (Fixed Term) Hours per Week 37.5 Salary Competitive salary Category Data Management Closing Date 27 December 2026 Are you a recent graduate with a passion for technology and innovation? Do you want to help shape the systems and solutions that support millions of customers and colleagues across one of the UK's largest retailers? Look no further, we have an exciting opportunity t…",https://www.adzuna.co.uk/jobs/land/ad/5894094909?se=ssQ5y0i78RGomOTbcVFFeg&utm_medium=api&utm_source=3c00cbd8&v=6A7ADD97655F0AC271FF807A61D9219CB6F390F5,53.799599,-1.54912,technology graduate programme with digital context
